region,year,sample_version,sample_strategy,n_trees,features,accuracy,f1_weighted,f1_macro,num_features
HIM,1995,4,scaled,50,top_N,0.8813008130081301,0.8786722305417516,0.8672974165839592,20
HIM,1998,4,scaled,50,top_N,0.9191616766467066,0.9185859784184284,0.9135652833550596,20
HIM,2001,4,scaled,50,top_N,0.9003115264797508,0.9003316129359054,0.9013085763341326,20
HIM,2004,4,scaled,50,top_N,0.9385826771653544,0.93819560494351,0.9254362522456616,20
HIM,2007,4,scaled,50,top_N,0.9244992295839752,0.9219815987264256,0.9027233871517356,20
HIM,2010,4,scaled,50,top_N,0.9185867895545314,0.9181913304596244,0.916080121285468,20
HIM,2013,4,scaled,50,top_N,0.9085271317829458,0.907813194939314,0.9179444845171534,20
HIM,2016,4,scaled,50,top_N,0.889367816091954,0.8886847681533666,0.8906937292464365,20
HIM,2019,4,scaled,50,top_N,0.8813559322033898,0.8794416110487915,0.8761132527865574,20
HIM,2022,4,scaled,50,top_N,0.8972712680577849,0.8943311164227314,0.8787256347450517,20
IGP,1995,5,scaled,50,top_N,0.906455862977602,0.9005805344824703,0.8476764090614204,20
IGP,1998,5,scaled,50,top_N,0.9246753246753248,0.9205388907770212,0.8940474276666919,20
IGP,2001,5,scaled,50,top_N,0.9,0.8920585327730732,0.8598245301942011,20
IGP,2004,5,scaled,50,top_N,0.9159891598915988,0.9118127043177616,0.8581419391486769,20
IGP,2007,5,scaled,50,top_N,0.9428934010152284,0.9408789066388076,0.9147605743176008,20
IGP,2010,5,scaled,50,top_N,0.9422535211267604,0.9410332424328856,0.928784118518124,20
IGP,2013,5,scaled,50,top_N,0.9471598414795244,0.9450810403520872,0.9120941443601672,20
IGP,2016,5,scaled,50,top_N,0.9371794871794872,0.9356306460917376,0.9095228201223408,20
IGP,2019,5,scaled,50,top_N,0.9313850063532402,0.9304383031787749,0.9086893586694458,20
IGP,2022,5,scaled,50,top_N,0.9505208333333334,0.9499953770191124,0.9282853780582452,20
DES,1995,7,scaled,50,top_N,0.8935762224352828,0.8940661327124798,0.9031140135778764,20
DES,1998,7,scaled,50,top_N,0.9267364414843008,0.9269347202560932,0.9363885913229836,20
DES,2001,7,scaled,50,top_N,0.9027272727272728,0.9022446797673542,0.8994299424800009,20
DES,2004,7,scaled,50,top_N,0.9277673545966229,0.9280299951352284,0.9374781717922216,20
DES,2007,7,scaled,50,top_N,0.912593984962406,0.9119474522772636,0.905765626634482,20
DES,2010,7,scaled,50,top_N,0.918406072106262,0.9180609751267484,0.9113020349820355,20
DES,2013,7,scaled,50,top_N,0.9148737137511692,0.9140658324907206,0.915859318009106,20
DES,2016,7,scaled,50,top_N,0.9360301034807148,0.9358108306753234,0.9395660562606905,20
DES,2019,7,scaled,50,top_N,0.9193548387096774,0.9185821609091454,0.932929288422476,20
DES,2022,7,scaled,50,top_N,0.9337016574585636,0.9338302611293614,0.928643934713071,20
PEN,1995,5,scaled,50,top_N,0.823003194888179,0.8102668271521497,0.7347738120274021,20
PEN,1998,5,scaled,50,top_N,0.8414096916299559,0.8273635556848491,0.7416629536287196,20
PEN,2001,5,scaled,50,top_N,0.8551282051282051,0.8411963649427716,0.7538377056142567,20
PEN,2004,5,scaled,50,top_N,0.8381578947368421,0.8241892470729175,0.7388686179416283,20
PEN,2007,5,scaled,50,top_N,0.8446920052424639,0.8284927211609691,0.7501730149881187,20
PEN,2010,5,scaled,50,top_N,0.8376623376623377,0.8288818792037432,0.7857303821698091,20
PEN,2013,5,scaled,50,top_N,0.8336569579288026,0.8232304588121275,0.7765157427687882,20
PEN,2016,5,scaled,50,top_N,0.8713745271122321,0.8651844204076287,0.8131593608403533,20
PEN,2019,5,scaled,50,top_N,0.8724202626641651,0.8679212605377562,0.8275839018130526,20
PEN,2022,5,scaled,50,top_N,0.8746061751732829,0.8718418191724635,0.8498980094076423,20
NEI,1995,5,scaled,50,top_N,0.8642857142857143,0.8600980783147022,0.7938257645560612,20
NEI,1998,5,scaled,50,top_N,0.8521400778210116,0.8440253284563264,0.7798711325908952,20
NEI,2001,5,scaled,50,top_N,0.855072463768116,0.8503896559178322,0.7799705197834823,20
NEI,2004,5,scaled,50,top_N,0.878095238095238,0.8726814324078049,0.8019507956774352,20
NEI,2007,5,scaled,50,top_N,0.875,0.8736370359434028,0.8380670503180574,20
NEI,2010,5,scaled,50,top_N,0.8752260397830018,0.8680441164782414,0.8218748228647375,20
NEI,2013,5,scaled,50,top_N,0.8488805970149254,0.8438133451279309,0.8100474562275454,20
NEI,2016,5,scaled,50,top_N,0.9055944055944056,0.9038892172544724,0.8704161634100501,20
NEI,2019,5,scaled,50,top_N,0.8857142857142857,0.8850271082446646,0.8622594946667327,20
NEI,2022,5,scaled,50,top_N,0.8648648648648649,0.861261519691087,0.812471801592304,20
WGR,1995,3,scaled,50,top_N,0.8461538461538461,0.8350367160262121,0.7686219873796278,20
WGR,1998,3,scaled,50,top_N,0.8255813953488372,0.819519303286169,0.7865947574157648,20
WGR,2001,3,scaled,50,top_N,0.8512195121951219,0.8355757461186256,0.7556614475247752,20
WGR,2004,3,scaled,50,top_N,0.825287356321839,0.8166526599110778,0.7452127222688927,20
WGR,2007,3,scaled,50,top_N,0.8467153284671532,0.8422071275377293,0.8276990492456828,20
WGR,2010,3,scaled,50,top_N,0.8260869565217391,0.8183227339248282,0.7920346812957495,20
WGR,2013,3,scaled,50,top_N,0.8378378378378378,0.8333071544384368,0.7864753326206129,20
WGR,2016,3,scaled,50,top_N,0.8894117647058823,0.8809885954491965,0.8114723021622559,20
WGR,2019,3,scaled,50,top_N,0.8864734299516909,0.8857934103570086,0.8642522360216456,20
WGR,2022,3,scaled,50,top_N,0.8961352657004831,0.8892090628776416,0.8533251478372821,20
ICR,1995,4,scaled,50,top_N,0.8630952380952381,0.8614745506622259,0.8693546346045424,20
ICR,1998,4,scaled,50,top_N,0.9129554655870444,0.911915260885551,0.911260638590169,20
ICR,2001,4,scaled,50,top_N,0.8426294820717132,0.8393785807537544,0.8370953861029992,20
ICR,2004,4,scaled,50,top_N,0.8658777120315582,0.8632251746978878,0.8539583966953214,20
ICR,2007,4,scaled,50,top_N,0.8954918032786885,0.8946619096593913,0.8876664275277224,20
ICR,2010,4,scaled,50,top_N,0.8752515090543259,0.874771413521335,0.8775303927549944,20
ICR,2013,4,scaled,50,top_N,0.9012096774193548,0.8999922916160293,0.888788572329268,20
ICR,2016,4,scaled,50,top_N,0.9202453987730062,0.918061376301663,0.9133225344549074,20
ICR,2019,4,scaled,50,top_N,0.8971774193548387,0.8955842842347559,0.8897181944408731,20
ICR,2022,4,scaled,50,top_N,0.9044585987261148,0.9030545748309738,0.8948421384384617,20
HIM,1995,4,scaled,50,top_N,0.8910569105691057,0.8873995836180406,0.8723544182081913,45
HIM,1998,4,scaled,50,top_N,0.9326347305389222,0.9317430754591858,0.9235987920802085,45
HIM,2001,4,scaled,50,top_N,0.9190031152647976,0.9191541600139944,0.9166946396022996,45
HIM,2004,4,scaled,50,top_N,0.9417322834645668,0.9415909039232148,0.9218985145038876,45
HIM,2007,4,scaled,50,top_N,0.9337442218798152,0.9320340102399935,0.9195048409356494,45
HIM,2010,4,scaled,50,top_N,0.9324116743471582,0.9319886373447802,0.924919295069727,45
HIM,2013,4,scaled,50,top_N,0.9100775193798448,0.9091855499849992,0.9207484273868312,45
HIM,2016,4,scaled,50,top_N,0.9080459770114944,0.9075319310700796,0.9027324451364316,45
HIM,2019,4,scaled,50,top_N,0.8936825885978429,0.8921124968180868,0.8871955778147886,45
HIM,2022,4,scaled,50,top_N,0.9020866773675762,0.8994839779964375,0.8895441342336782,45
HIM,1995,4,scaled,50,top_N,0.8894308943089431,0.8861441505222712,0.8742438337954073,50
HIM,1998,4,scaled,50,top_N,0.9326347305389222,0.9317867577688752,0.9253635023637368,50
HIM,2001,4,scaled,50,top_N,0.9236760124610592,0.9235465786108308,0.9184060102046115,50
HIM,2004,4,scaled,50,top_N,0.952755905511811,0.9516470208799772,0.9237359370597796,50
HIM,2007,4,scaled,50,top_N,0.9352850539291218,0.934015430574607,0.923956341183333,50
HIM,2010,4,scaled,50,top_N,0.9385560675883255,0.9383733057824918,0.9305990154957412,50
HIM,2013,4,scaled,50,top_N,0.9054263565891472,0.9048357509886256,0.914817665614874,50
HIM,2016,4,scaled,50,top_N,0.9152298850574712,0.9148836827505358,0.915580402799046,50
HIM,2019,4,scaled,50,top_N,0.901386748844376,0.8996344089238283,0.8922776956115688,50
HIM,2022,4,scaled,50,top_N,0.898876404494382,0.8966702992310923,0.8839661230478231,50
IGP,1995,5,scaled,50,top_N,0.9235836627140976,0.9215166612510984,0.8846991249736034,45
IGP,1998,5,scaled,50,top_N,0.9311688311688312,0.9281590545535564,0.9060790242363272,45
IGP,2001,5,scaled,50,top_N,0.9194444444444444,0.9100533423038936,0.8776478935093999,45
IGP,2004,5,scaled,50,top_N,0.943089430894309,0.9393899869074112,0.8949795504125146,45
IGP,2007,5,scaled,50,top_N,0.9479695431472082,0.9451600035580324,0.909157102222808,45
IGP,2010,5,scaled,50,top_N,0.952112676056338,0.9509473925178396,0.934924569864424,45
IGP,2013,5,scaled,50,top_N,0.9484808454425364,0.9471147512947354,0.9129921223377052,45
IGP,2016,5,scaled,50,top_N,0.946153846153846,0.9445662975160568,0.9166360334084624,45
IGP,2019,5,scaled,50,top_N,0.9555273189326556,0.9548443939354224,0.940656498615872,45
IGP,2022,5,scaled,50,top_N,0.9622395833333334,0.9621705044691464,0.9461100069308233,45
IGP,1995,5,scaled,50,top_N,0.91699604743083,0.9140096469124176,0.8726169661739733,50
IGP,1998,5,scaled,50,top_N,0.9428571428571428,0.9403727284303072,0.9228806936757996,50
IGP,2001,5,scaled,50,top_N,0.925,0.9139448940164774,0.8781590171618247,50
IGP,2004,5,scaled,50,top_N,0.9417344173441734,0.9383496008765276,0.8962180907383968,50
IGP,2007,5,scaled,50,top_N,0.9568527918781726,0.954507151947821,0.9256045406289816,50
IGP,2010,5,scaled,50,top_N,0.9633802816901408,0.9625940061713512,0.9506876986930436,50
IGP,2013,5,scaled,50,top_N,0.9498018494055482,0.9483812462442878,0.9204330141578194,50
IGP,2016,5,scaled,50,top_N,0.953846153846154,0.9528016517702932,0.9318294583869672,50
IGP,2019,5,scaled,50,top_N,0.9567979669631512,0.9559647931620489,0.9395898078002716,50
IGP,2022,5,scaled,50,top_N,0.9557291666666666,0.955506021368018,0.9388241457707092,50
DES,1995,7,scaled,50,top_N,0.9117929050814956,0.912258347340954,0.9229089459885904,45
DES,1998,7,scaled,50,top_N,0.9486203615604186,0.948519486096419,0.9566435205891316,45
DES,2001,7,scaled,50,top_N,0.9227272727272728,0.9221149104859946,0.9144564680249992,45
DES,2004,7,scaled,50,top_N,0.9409005628517824,0.940940812269588,0.9470973969224316,45
DES,2007,7,scaled,50,top_N,0.9266917293233082,0.9266761623175264,0.9250358878052932,45
DES,2010,7,scaled,50,top_N,0.9478178368121444,0.9477897176743288,0.9500518087638844,45
DES,2013,7,scaled,50,top_N,0.9289055191768008,0.9280988725564836,0.9321448229248752,45
DES,2016,7,scaled,50,top_N,0.9444967074317968,0.9443454282536644,0.9514958872301472,45
DES,2019,7,scaled,50,top_N,0.9304435483870968,0.9299412569885523,0.9441964320527492,45
DES,2022,7,scaled,50,top_N,0.943830570902394,0.9434967787863212,0.9383881618161676,45
DES,1995,7,scaled,50,top_N,0.909875359539789,0.9104116045090238,0.9183414520178456,50
DES,1998,7,scaled,50,top_N,0.9467174119885824,0.9465832992160028,0.9560961590646748,50
DES,2001,7,scaled,50,top_N,0.9309090909090908,0.9305299491825204,0.9236182875850656,50
DES,2004,7,scaled,50,top_N,0.9427767354596625,0.9427471241948516,0.94847903858975,50
DES,2007,7,scaled,50,top_N,0.925751879699248,0.9258846117702544,0.9258421130186234,50
DES,2010,7,scaled,50,top_N,0.9421252371916508,0.9423379486615489,0.9438665749362036,50
DES,2013,7,scaled,50,top_N,0.9298409728718428,0.9288864110515124,0.931179543400786,50
DES,2016,7,scaled,50,top_N,0.9397930385700848,0.9395832371968252,0.9440419392670056,50
DES,2019,7,scaled,50,top_N,0.936491935483871,0.9360506232966952,0.9470959125047752,50
DES,2022,7,scaled,50,top_N,0.943830570902394,0.9436707135577246,0.9391322777861318,50
PEN,1995,5,scaled,50,top_N,0.853035143769968,0.8424706053380254,0.7675494482275032,45
PEN,1998,5,scaled,50,top_N,0.8596601636249214,0.8448490584469506,0.7538298874459588,45
PEN,2001,5,scaled,50,top_N,0.8782051282051282,0.866473801880818,0.7890324298250437,45
PEN,2004,5,scaled,50,top_N,0.8592105263157894,0.8457724757174545,0.7633412203700225,45
PEN,2007,5,scaled,50,top_N,0.86435124508519,0.8500694740218881,0.7724337294108129,45
PEN,2010,5,scaled,50,top_N,0.8519480519480519,0.8445618198483458,0.8018940891759881,45
PEN,2013,5,scaled,50,top_N,0.8666666666666667,0.8578868292248114,0.8019195721953389,45
PEN,2016,5,scaled,50,top_N,0.8871374527112232,0.8812681579572167,0.8263667915103837,45
PEN,2019,5,scaled,50,top_N,0.8974358974358975,0.8954218992675561,0.8508885947789411,45
PEN,2022,5,scaled,50,top_N,0.8865784499054821,0.8845710095384097,0.8580240208940362,45
PEN,1995,5,scaled,50,top_N,0.8523961661341853,0.8407315450618666,0.765844532576777,50
PEN,1998,5,scaled,50,top_N,0.8527375707992448,0.8375636815141418,0.7469615996129331,50
PEN,2001,5,scaled,50,top_N,0.8762820512820513,0.8645469236115361,0.7850997974473979,50
PEN,2004,5,scaled,50,top_N,0.8651315789473685,0.8526218392372369,0.7699221755058495,50
PEN,2007,5,scaled,50,top_N,0.8754914809960681,0.8614729450230783,0.7826167775956633,50
PEN,2010,5,scaled,50,top_N,0.8558441558441559,0.84863358479452,0.8054848878753513,50
PEN,2013,5,scaled,50,top_N,0.8711974110032362,0.8624977432416814,0.8065910147690378,50
PEN,2016,5,scaled,50,top_N,0.8877679697351829,0.8811871196861909,0.8288677129353932,50
PEN,2019,5,scaled,50,top_N,0.8949343339587242,0.8923206610015899,0.8484938659975909,50
PEN,2022,5,scaled,50,top_N,0.8859483301827347,0.8838408386999655,0.8566470573645333,50
NEI,1995,5,scaled,50,top_N,0.8589285714285714,0.8534755244371068,0.792257945793704,45
NEI,1998,5,scaled,50,top_N,0.8715953307392996,0.8675878493832383,0.8114847772111351,45
NEI,2001,5,scaled,50,top_N,0.8641304347826086,0.860850237995919,0.7891436961622706,45
NEI,2004,5,scaled,50,top_N,0.900952380952381,0.8979519293453782,0.829798502830484,45
NEI,2007,5,scaled,50,top_N,0.9077868852459016,0.9079986492558052,0.8759635614453809,45
NEI,2010,5,scaled,50,top_N,0.891500904159132,0.8873279353632877,0.8468956030660802,45
NEI,2013,5,scaled,50,top_N,0.8731343283582089,0.8703159864349551,0.8326823985929495,45
NEI,2016,5,scaled,50,top_N,0.9073426573426572,0.9055265663278036,0.8683580736616707,45
NEI,2019,5,scaled,50,top_N,0.9017857142857144,0.9008166584088844,0.8782768191743311,45
NEI,2022,5,scaled,50,top_N,0.8764478764478765,0.8742643591240271,0.8301354309713581,45
NEI,1995,5,scaled,50,top_N,0.8678571428571429,0.8636109695283257,0.8073627464140781,50
NEI,1998,5,scaled,50,top_N,0.8793774319066148,0.8744655575922531,0.8213745924616733,50
NEI,2001,5,scaled,50,top_N,0.8623188405797102,0.8601331263941739,0.788189700719387,50
NEI,2004,5,scaled,50,top_N,0.900952380952381,0.8986815352821421,0.8548090194897071,50
NEI,2007,5,scaled,50,top_N,0.8934426229508197,0.893573637895186,0.854884844510689,50
NEI,2010,5,scaled,50,top_N,0.9005424954792043,0.8988247565482889,0.8574724789084753,50
NEI,2013,5,scaled,50,top_N,0.871268656716418,0.8695934977366999,0.8382503433578821,50
NEI,2016,5,scaled,50,top_N,0.902097902097902,0.900338347189169,0.8653477773583849,50
NEI,2019,5,scaled,50,top_N,0.9035714285714286,0.9022419820537144,0.8741443685636747,50
NEI,2022,5,scaled,50,top_N,0.862934362934363,0.8597943528317876,0.8177651635437688,50
WGR,1995,3,scaled,50,top_N,0.8461538461538461,0.8375863936222948,0.7687438550711594,45
WGR,1998,3,scaled,50,top_N,0.8372093023255814,0.8329378753039017,0.7903111821590083,45
WGR,2001,3,scaled,50,top_N,0.8560975609756097,0.8461289297331906,0.7849659519761818,45
WGR,2004,3,scaled,50,top_N,0.8482758620689655,0.8402447454021078,0.7679264951786534,45
WGR,2007,3,scaled,50,top_N,0.8832116788321168,0.8812380563409259,0.8745670196497402,45
WGR,2010,3,scaled,50,top_N,0.8429951690821256,0.8340974334677751,0.7993624878261341,45
WGR,2013,3,scaled,50,top_N,0.8771498771498771,0.8713132559072442,0.8173037112977958,45
WGR,2016,3,scaled,50,top_N,0.88,0.8746143546175926,0.8141381439540614,45
WGR,2019,3,scaled,50,top_N,0.9033816425120772,0.9017146738820572,0.8818646896438421,45
WGR,2022,3,scaled,50,top_N,0.9082125603864736,0.9038591410910042,0.875663903611705,45
WGR,1995,3,scaled,50,top_N,0.8509615384615384,0.8414837465208614,0.7710066093245954,50
WGR,1998,3,scaled,50,top_N,0.8511627906976744,0.8464568015389433,0.803938936662408,50
WGR,2001,3,scaled,50,top_N,0.8682926829268293,0.8524985035863691,0.7709435239632183,50
WGR,2004,3,scaled,50,top_N,0.8620689655172413,0.854113491929121,0.7804784438669867,50
WGR,2007,3,scaled,50,top_N,0.8759124087591241,0.8736787245240899,0.8611527850553425,50
WGR,2010,3,scaled,50,top_N,0.8454106280193237,0.83938690513824,0.8155111927187619,50
WGR,2013,3,scaled,50,top_N,0.855036855036855,0.8501850751234657,0.7994246131180545,50
WGR,2016,3,scaled,50,top_N,0.8964705882352941,0.8918830384533967,0.8430336489597277,50
WGR,2019,3,scaled,50,top_N,0.9057971014492754,0.904749917174434,0.8848707137769638,50
WGR,2022,3,scaled,50,top_N,0.9178743961352656,0.9148707890328336,0.8920597077682779,50
ICR,1995,4,scaled,50,top_N,0.878968253968254,0.8760557997705464,0.8820076292723825,45
ICR,1998,4,scaled,50,top_N,0.9251012145748988,0.9244458627603648,0.9272696297614772,45
ICR,2001,4,scaled,50,top_N,0.8466135458167331,0.8430487346746228,0.8412135141374297,45
ICR,2004,4,scaled,50,top_N,0.8777120315581854,0.875271885997603,0.8668806577612636,45
ICR,2007,4,scaled,50,top_N,0.9118852459016392,0.9111450842319516,0.9009185296290584,45
ICR,2010,4,scaled,50,top_N,0.8812877263581489,0.8814608394018341,0.8807202721810372,45
ICR,2013,4,scaled,50,top_N,0.9012096774193548,0.9000988315629037,0.8894833912412745,45
ICR,2016,4,scaled,50,top_N,0.9243353783231084,0.9224692905655404,0.9187177553093466,45
ICR,2019,4,scaled,50,top_N,0.9153225806451613,0.9142638455664192,0.9130813074270956,45
ICR,2022,4,scaled,50,top_N,0.9129511677282378,0.9113670774583772,0.9009795966507468,45
ICR,1995,4,scaled,50,top_N,0.8928571428571429,0.8892311168591069,0.8925387638846686,50
ICR,1998,4,scaled,50,top_N,0.931174089068826,0.9303828687883824,0.931424648728008,50
ICR,2001,4,scaled,50,top_N,0.8346613545816733,0.832022495253386,0.8331191521210264,50
ICR,2004,4,scaled,50,top_N,0.8875739644970414,0.8855004823631406,0.8789778101633295,50
ICR,2007,4,scaled,50,top_N,0.903688524590164,0.903191489795162,0.8973002278117654,50
ICR,2010,4,scaled,50,top_N,0.8772635814889336,0.8774122560307241,0.8818990174194803,50
ICR,2013,4,scaled,50,top_N,0.905241935483871,0.9042245161654524,0.895417656646005,50
ICR,2016,4,scaled,50,top_N,0.9304703476482618,0.928873138459327,0.924146080945919,50
ICR,2019,4,scaled,50,top_N,0.9193548387096774,0.9186528268982004,0.9171126507214704,50
ICR,2022,4,scaled,50,top_N,0.902335456475584,0.9008886934910708,0.8916076755550952,50
HIM,1995,4,scaled,50,top_N,0.8829268292682927,0.8796977766758113,0.8670351021874645,60
HIM,1998,4,scaled,50,top_N,0.9326347305389222,0.9319521482553724,0.9237606292474764,60
HIM,2001,4,scaled,50,top_N,0.9221183800623052,0.9220904649911036,0.917227308567118,60
HIM,2004,4,scaled,50,top_N,0.9496062992125984,0.9486748496560654,0.9211036517929196,60
HIM,2007,4,scaled,50,top_N,0.9337442218798152,0.9326898553587772,0.9269618821177332,60
HIM,2010,4,scaled,50,top_N,0.9370199692780338,0.9367135193426194,0.9301338986229878,60
HIM,2013,4,scaled,50,top_N,0.9131782945736434,0.9126187380132776,0.9216744969850004,60
HIM,2016,4,scaled,50,top_N,0.9066091954022988,0.906257315354428,0.9052441018817454,60
HIM,2019,4,scaled,50,top_N,0.9075500770416024,0.9061063387113772,0.8987808734028957,60
HIM,2022,4,scaled,50,top_N,0.9004815409309791,0.898949468752058,0.8889224862639922,60
IGP,1995,5,scaled,50,top_N,0.9183135704874836,0.914965779626736,0.8724055054004937,60
IGP,1998,5,scaled,50,top_N,0.938961038961039,0.9369432131305458,0.9186564845803112,60
IGP,2001,5,scaled,50,top_N,0.925,0.916058128861968,0.8863091921760128,60
IGP,2004,5,scaled,50,top_N,0.9363143631436316,0.9316045597016818,0.8824757679572931,60
IGP,2007,5,scaled,50,top_N,0.949238578680203,0.9467929354696972,0.9150929500410828,60
IGP,2010,5,scaled,50,top_N,0.9549295774647888,0.953766607198586,0.937387104954835,60
IGP,2013,5,scaled,50,top_N,0.9484808454425364,0.9470603013377566,0.9150510170002932,60
IGP,2016,5,scaled,50,top_N,0.9474358974358974,0.9459425606834588,0.9230492669000734,60
IGP,2019,5,scaled,50,top_N,0.9529860228716646,0.9521539041953218,0.93601602055225,60
IGP,2022,5,scaled,50,top_N,0.9557291666666666,0.9553911659760044,0.9339489251860156,60
DES,1995,7,scaled,50,top_N,0.9146692233940557,0.9151139258270472,0.9232944499447846,60
DES,1998,7,scaled,50,top_N,0.9429115128449096,0.9426762299185942,0.9510050274738135,60
DES,2001,7,scaled,50,top_N,0.9309090909090908,0.9302411467820744,0.9213098630793284,60
DES,2004,7,scaled,50,top_N,0.9371482176360224,0.9372244269930368,0.9438302660308762,60
DES,2007,7,scaled,50,top_N,0.925751879699248,0.9256028057294424,0.9240349399277814,60
DES,2010,7,scaled,50,top_N,0.937381404174573,0.937871551257896,0.9422860590865564,60
DES,2013,7,scaled,50,top_N,0.9279700654817586,0.9269668936130656,0.932803159957891,60
DES,2016,7,scaled,50,top_N,0.9435559736594544,0.9433923768771,0.9485468916699796,60
DES,2019,7,scaled,50,top_N,0.933467741935484,0.9326891323688912,0.9472107252512978,60
DES,2022,7,scaled,50,top_N,0.9465930018416208,0.9463933206493528,0.941327565362704,60
PEN,1995,5,scaled,50,top_N,0.85814696485623,0.846839026331801,0.7731420102505691,60
PEN,1998,5,scaled,50,top_N,0.8646947765890497,0.8495060209335304,0.756311415827792,60
PEN,2001,5,scaled,50,top_N,0.882051282051282,0.8713811040541912,0.7951195204184428,60
PEN,2004,5,scaled,50,top_N,0.8710526315789474,0.8567373606794562,0.7694627125889948,60
PEN,2007,5,scaled,50,top_N,0.8656618610747051,0.8518593514060542,0.774955843087786,60
PEN,2010,5,scaled,50,top_N,0.8584415584415584,0.8508168688866863,0.8042171554771285,60
PEN,2013,5,scaled,50,top_N,0.8724919093851132,0.8642017441387112,0.8123198465472685,60
PEN,2016,5,scaled,50,top_N,0.8965952080706179,0.890307286782196,0.8285011257373189,60
PEN,2019,5,scaled,50,top_N,0.8874296435272045,0.8857439468544539,0.8421777930162395,60
PEN,2022,5,scaled,50,top_N,0.8916194076874606,0.8891886301637619,0.8648363909126943,60
NEI,1995,5,scaled,50,top_N,0.8589285714285714,0.8551619256150396,0.7990144111446575,60
NEI,1998,5,scaled,50,top_N,0.8715953307392996,0.8662540714820708,0.8076683390232651,60
NEI,2001,5,scaled,50,top_N,0.8641304347826086,0.8620222615462634,0.7903549506339146,60
NEI,2004,5,scaled,50,top_N,0.9047619047619048,0.902037705126326,0.8557302288334808,60
NEI,2007,5,scaled,50,top_N,0.8954918032786885,0.8963706838580833,0.860092937713259,60
NEI,2010,5,scaled,50,top_N,0.9095840867992768,0.9061626802277094,0.8713362354153456,60
NEI,2013,5,scaled,50,top_N,0.8768656716417911,0.875314780805278,0.8437402210758613,60
NEI,2016,5,scaled,50,top_N,0.8986013986013986,0.8963539975114027,0.8551016542826613,60
NEI,2019,5,scaled,50,top_N,0.9071428571428573,0.905820529956411,0.8823412329146509,60
NEI,2022,5,scaled,50,top_N,0.8687258687258688,0.8659283141173973,0.8210729774244213,60
WGR,1995,3,scaled,50,top_N,0.84375,0.8365773941247957,0.7828627965032767,60
WGR,1998,3,scaled,50,top_N,0.8511627906976744,0.8473753368316377,0.7974186721485763,60
WGR,2001,3,scaled,50,top_N,0.8780487804878049,0.8651885710118793,0.7925201020756475,60
WGR,2004,3,scaled,50,top_N,0.8459770114942529,0.8382286724893764,0.7608878573950955,60
WGR,2007,3,scaled,50,top_N,0.8637469586374696,0.8594683896039366,0.8338359111496212,60
WGR,2010,3,scaled,50,top_N,0.8454106280193237,0.8411999238391613,0.8248918343807996,60
WGR,2013,3,scaled,50,top_N,0.8697788697788698,0.8656312796147946,0.8220941981818543,60
WGR,2016,3,scaled,50,top_N,0.8964705882352941,0.8925764576477765,0.8422761250593908,60
WGR,2019,3,scaled,50,top_N,0.8985507246376812,0.8971528602719626,0.8705359054366063,60
WGR,2022,3,scaled,50,top_N,0.9057971014492754,0.9020201661856764,0.8768275571851105,60
ICR,1995,4,scaled,50,top_N,0.9047619047619048,0.9020430187544888,0.9028694408525756,60
ICR,1998,4,scaled,50,top_N,0.9210526315789472,0.9201860064353812,0.9214339944906152,60
ICR,2001,4,scaled,50,top_N,0.8446215139442231,0.8413679172817824,0.837081801090187,60
ICR,2004,4,scaled,50,top_N,0.8875739644970414,0.8853348560661629,0.8802649144337307,60
ICR,2007,4,scaled,50,top_N,0.9077868852459016,0.9069466831851268,0.902540414967221,60
ICR,2010,4,scaled,50,top_N,0.8772635814889336,0.8770502839175152,0.8795034780592751,60
ICR,2013,4,scaled,50,top_N,0.9012096774193548,0.9006582066638116,0.8960158223640435,60
ICR,2016,4,scaled,50,top_N,0.9263803680981596,0.924737519059182,0.9214534528451772,60
ICR,2019,4,scaled,50,top_N,0.9092741935483872,0.9081101209133772,0.9046019666399944,60
ICR,2022,4,scaled,50,top_N,0.910828025477707,0.9096021007002916,0.9030392336452626,60
HIM,1995,4,scaled,50,top_N,0.8878048780487805,0.8853236741704215,0.8712565036356579,70
HIM,1998,4,scaled,50,top_N,0.9326347305389222,0.931873429440683,0.9222215796631816,70
HIM,2001,4,scaled,50,top_N,0.9205607476635514,0.9203796349021028,0.9165193535481662,70
HIM,2004,4,scaled,50,top_N,0.948031496062992,0.9477282780111612,0.9182253630970056,70
HIM,2007,4,scaled,50,top_N,0.9399075500770416,0.938820768584288,0.9285547928346248,70
HIM,2010,4,scaled,50,top_N,0.9370199692780338,0.9365813592349582,0.9352791183777532,70
HIM,2013,4,scaled,50,top_N,0.9209302325581395,0.920504860727258,0.9283831648312576,70
HIM,2016,4,scaled,50,top_N,0.9152298850574712,0.9141264020697156,0.912798840333436,70
HIM,2019,4,scaled,50,top_N,0.9044684129429892,0.9031052221676537,0.897389335249763,70
HIM,2022,4,scaled,50,top_N,0.9085072231139648,0.9066687626107842,0.8959764017499842,70
IGP,1995,5,scaled,50,top_N,0.9183135704874836,0.9152720252582828,0.8772001950806722,70
IGP,1998,5,scaled,50,top_N,0.9363636363636364,0.9327729271954928,0.9119805329890768,70
IGP,2001,5,scaled,50,top_N,0.9208333333333332,0.9092397758816764,0.8722137814594718,70
IGP,2004,5,scaled,50,top_N,0.9417344173441734,0.9375437578622676,0.8913373517030081,70
IGP,2007,5,scaled,50,top_N,0.953045685279188,0.950605239073646,0.9192129757538066,70
IGP,2010,5,scaled,50,top_N,0.9507042253521126,0.9493961595746524,0.929856460317348,70
IGP,2013,5,scaled,50,top_N,0.95112285336856,0.9495088231603748,0.9173768515696434,70
IGP,2016,5,scaled,50,top_N,0.9474358974358974,0.9459847832863162,0.924980322399222,70
IGP,2019,5,scaled,50,top_N,0.9618805590851334,0.9612480009114572,0.945486727993198,70
IGP,2022,5,scaled,50,top_N,0.9674479166666666,0.967343607109446,0.9514341368445972,70
DES,1995,7,scaled,50,top_N,0.9165867689357622,0.9171655488087416,0.9254213273167176,70
DES,1998,7,scaled,50,top_N,0.9391056137012368,0.9389363723277426,0.9481037777538422,70
DES,2001,7,scaled,50,top_N,0.9254545454545454,0.9249758040097248,0.9233260743179708,70
DES,2004,7,scaled,50,top_N,0.9418386491557224,0.9418629981327648,0.9506084198440647,70
DES,2007,7,scaled,50,top_N,0.9295112781954888,0.9295350010624488,0.9251582410720172,70
DES,2010,7,scaled,50,top_N,0.9345351043643264,0.9346336927574403,0.940661663819366,70
DES,2013,7,scaled,50,top_N,0.9326473339569692,0.9317837232977634,0.9326956728862392,70
DES,2016,7,scaled,50,top_N,0.9416745061147695,0.9415254114584688,0.9541760439117102,70
DES,2019,7,scaled,50,top_N,0.9375,0.937004186061288,0.9505562480376232,70
DES,2022,7,scaled,50,top_N,0.9410681399631676,0.9409791033506728,0.9401699788999598,70
PEN,1995,5,scaled,50,top_N,0.8543130990415335,0.8420752110059357,0.7636275144645823,70
PEN,1998,5,scaled,50,top_N,0.868470736312146,0.854433631492407,0.7648299736160781,70
PEN,2001,5,scaled,50,top_N,0.8794871794871795,0.8660077394642184,0.7746935820190792,70
PEN,2004,5,scaled,50,top_N,0.8776315789473684,0.8656374061599861,0.7868555096230962,70
PEN,2007,5,scaled,50,top_N,0.8761467889908257,0.8630822928352058,0.7873611470121418,70
PEN,2010,5,scaled,50,top_N,0.8597402597402597,0.8523362771161912,0.8095202790171585,70
PEN,2013,5,scaled,50,top_N,0.8744336569579289,0.8661928166443812,0.8149206624391041,70
PEN,2016,5,scaled,50,top_N,0.9022698612862547,0.8965517444680737,0.8399620340472543,70
PEN,2019,5,scaled,50,top_N,0.8886804252657912,0.8870110078920271,0.8354596035253408,70
PEN,2022,5,scaled,50,top_N,0.8947700063011972,0.8923671726434766,0.8698107723465605,70
NEI,1995,5,scaled,50,top_N,0.875,0.870835962412673,0.8122273414834535,70
NEI,1998,5,scaled,50,top_N,0.8735408560311284,0.867649311451322,0.8024015661572246,70
NEI,2001,5,scaled,50,top_N,0.8641304347826086,0.8618415433408907,0.7976106870242984,70
NEI,2004,5,scaled,50,top_N,0.9085714285714286,0.906096870935864,0.8518740027201472,70
NEI,2007,5,scaled,50,top_N,0.9098360655737704,0.9105439974295182,0.8767160484971543,70
NEI,2010,5,scaled,50,top_N,0.9077757685352622,0.9048958940325073,0.8691708048959254,70
NEI,2013,5,scaled,50,top_N,0.8675373134328358,0.8654871073853839,0.8317959432892958,70
NEI,2016,5,scaled,50,top_N,0.8951048951048951,0.893195211007771,0.8490517892670252,70
NEI,2019,5,scaled,50,top_N,0.9232142857142858,0.9222080586615544,0.908044813824966,70
NEI,2022,5,scaled,50,top_N,0.8783783783783784,0.8752828980568408,0.8320100854751382,70
WGR,1995,3,scaled,50,top_N,0.8653846153846154,0.8559007990791861,0.7807349086802816,70
WGR,1998,3,scaled,50,top_N,0.8441860465116279,0.8406068315752631,0.7939987947379241,70
WGR,2001,3,scaled,50,top_N,0.8853658536585366,0.8745575487871464,0.8098484310081971,70
WGR,2004,3,scaled,50,top_N,0.864367816091954,0.8537402069526826,0.7610301056267172,70
WGR,2007,3,scaled,50,top_N,0.8661800486618005,0.8624155545088796,0.8463819864711482,70
WGR,2010,3,scaled,50,top_N,0.8333333333333334,0.8240190280255257,0.7910570007266283,70
WGR,2013,3,scaled,50,top_N,0.85995085995086,0.8553122890526369,0.8026214644985838,70
WGR,2016,3,scaled,50,top_N,0.8941176470588236,0.890829609297907,0.8463429490863119,70
WGR,2019,3,scaled,50,top_N,0.8913043478260869,0.8885091837866816,0.8653823274342218,70
WGR,2022,3,scaled,50,top_N,0.9106280193236715,0.9063425365903524,0.8779570775175274,70
ICR,1995,4,scaled,50,top_N,0.8988095238095238,0.8944301782869846,0.8961338585425926,70
ICR,1998,4,scaled,50,top_N,0.9251012145748988,0.9235949863425348,0.9260916389009028,70
ICR,2001,4,scaled,50,top_N,0.848605577689243,0.8458676502036144,0.8447439175976875,70
ICR,2004,4,scaled,50,top_N,0.8974358974358975,0.8958864673069042,0.891237401877032,70
ICR,2007,4,scaled,50,top_N,0.9057377049180328,0.9054418529016388,0.897572678754297,70
ICR,2010,4,scaled,50,top_N,0.869215291750503,0.8690327068917072,0.8728099834951083,70
ICR,2013,4,scaled,50,top_N,0.907258064516129,0.9068659447647964,0.9016582955478036,70
ICR,2016,4,scaled,50,top_N,0.9263803680981596,0.9249872532509416,0.9223165413723416,70
ICR,2019,4,scaled,50,top_N,0.9213709677419356,0.9204096968689424,0.9142686773116466,70
ICR,2022,4,scaled,50,top_N,0.910828025477707,0.909355832669724,0.899943044685329,70
HIM,1995,4,scaled,50,all,0.8878048780487805,0.8841914683910683,0.8679438479390256,119
HIM,1998,4,scaled,50,all,0.9296407185628742,0.9287925532030012,0.9210050279386112,119
HIM,2001,4,scaled,50,all,0.9174454828660435,0.917234817044397,0.915062973307195,119
HIM,2004,4,scaled,50,all,0.9590551181102362,0.9583408243009324,0.9352461986359992,119
HIM,2007,4,scaled,50,all,0.9399075500770416,0.9387535663793068,0.9299939648857558,119
HIM,2010,4,scaled,50,all,0.9324116743471582,0.9317448610677266,0.9268250674492412,119
HIM,2013,4,scaled,50,all,0.9193798449612404,0.9187772289567196,0.927405351805368,119
HIM,2016,4,scaled,50,all,0.9123563218390804,0.9114345125215352,0.9095458175885832,119
HIM,2019,4,scaled,50,all,0.8952234206471494,0.8938456261966112,0.8943936318985215,119
HIM,2022,4,scaled,50,all,0.9052969502407704,0.9029399116289872,0.8937164230105407,119
IGP,1995,5,scaled,50,all,0.930171277997365,0.92747952167543,0.8925305894359824,119
IGP,1998,5,scaled,50,all,0.9298701298701298,0.927234573358558,0.9007333838814782,119
IGP,2001,5,scaled,50,all,0.9180555555555556,0.9063300207121916,0.870289303162356,119
IGP,2004,5,scaled,50,all,0.940379403794038,0.935393732863796,0.8883484477877599,119
IGP,2007,5,scaled,50,all,0.9543147208121828,0.951207366762977,0.9173796855856432,119
IGP,2010,5,scaled,50,all,0.9535211267605632,0.9524775709184676,0.9403998555898032,119
IGP,2013,5,scaled,50,all,0.953764861294584,0.9522453215705888,0.9238956803171527,119
IGP,2016,5,scaled,50,all,0.9525641025641024,0.951315337520244,0.9289864054360112,119
IGP,2019,5,scaled,50,all,0.9567979669631512,0.9562078230129794,0.9436325863342392,119
IGP,2022,5,scaled,50,all,0.95703125,0.9569889366537946,0.9409600348808712,119
DES,1995,7,scaled,50,all,0.912751677852349,0.9130050881542549,0.9257104573612708,119
DES,1998,7,scaled,50,all,0.9400570884871552,0.9399061238740112,0.9457415241026818,119
DES,2001,7,scaled,50,all,0.9281818181818182,0.9276742924600604,0.9212465401827532,119
DES,2004,7,scaled,50,all,0.9409005628517824,0.9410669483784206,0.9492072481637857,119
DES,2007,7,scaled,50,all,0.9201127819548872,0.9203890822324926,0.918838374240746,119
DES,2010,7,scaled,50,all,0.944022770398482,0.9438857494245728,0.9494395891176032,119
DES,2013,7,scaled,50,all,0.9354536950420954,0.9346877061816764,0.9382262231353358,119
DES,2016,7,scaled,50,all,0.947318908748824,0.947201619267596,0.9572841082839452,119
DES,2019,7,scaled,50,all,0.9314516129032258,0.9310334627516016,0.946213991302678,119
DES,2022,7,scaled,50,all,0.9355432780847146,0.9353683545035116,0.9362560211403712,119
PEN,1995,5,scaled,50,all,0.8562300319488818,0.8462413060321845,0.7762081321600465,119
PEN,1998,5,scaled,50,all,0.8527375707992448,0.8387691157483017,0.7503297278943819,119
PEN,2001,5,scaled,50,all,0.8705128205128205,0.8559150092859628,0.758067317817247,119
PEN,2004,5,scaled,50,all,0.881578947368421,0.869543929740615,0.7901672703561202,119
PEN,2007,5,scaled,50,all,0.8735255570117956,0.8610794910306232,0.7916658333069775,119
PEN,2010,5,scaled,50,all,0.8597402597402597,0.8521803721130703,0.8005158750228683,119
PEN,2013,5,scaled,50,all,0.8796116504854369,0.8714335171031965,0.818438077887343,119
PEN,2016,5,scaled,50,all,0.8984867591424969,0.8918457843786683,0.8322229846933913,119
PEN,2019,5,scaled,50,all,0.8930581613508443,0.8918135825018824,0.8416159225872926,119
PEN,2022,5,scaled,50,all,0.8941398865784499,0.8919630791799844,0.8726793840702463,119
NEI,1995,5,scaled,50,all,0.8589285714285714,0.8552833546861228,0.7919275084220367,119
NEI,1998,5,scaled,50,all,0.8832684824902723,0.8784562914256063,0.8231490616670919,119
NEI,2001,5,scaled,50,all,0.8713768115942029,0.868782855161438,0.804892376744041,119
NEI,2004,5,scaled,50,all,0.9028571428571428,0.8995372455938576,0.8369143941017594,119
NEI,2007,5,scaled,50,all,0.8995901639344263,0.8980434492927007,0.8613087824862178,119
NEI,2010,5,scaled,50,all,0.8987341772151899,0.8954575742934275,0.8595924913526076,119
NEI,2013,5,scaled,50,all,0.8526119402985075,0.8497268872124046,0.8076019398078758,119
NEI,2016,5,scaled,50,all,0.9055944055944056,0.904060366637292,0.8621478899368913,119
NEI,2019,5,scaled,50,all,0.9142857142857144,0.912875256703061,0.8885739969062476,119
NEI,2022,5,scaled,50,all,0.88996138996139,0.8882900333205911,0.8448153190314841,119
WGR,1995,3,scaled,50,all,0.8677884615384616,0.8606281557662073,0.7995954706453918,119
WGR,1998,3,scaled,50,all,0.8465116279069768,0.8426283416925272,0.7949804964433191,119
WGR,2001,3,scaled,50,all,0.8829268292682927,0.869178195051333,0.7940184105255103,119
WGR,2004,3,scaled,50,all,0.864367816091954,0.8564716438058453,0.778374363327674,119
WGR,2007,3,scaled,50,all,0.8856447688564477,0.8835355066703527,0.868001625557355,119
WGR,2010,3,scaled,50,all,0.8502415458937198,0.8448202834493183,0.8250634931908392,119
WGR,2013,3,scaled,50,all,0.8697788697788698,0.8658199681010094,0.8200959835500075,119
WGR,2016,3,scaled,50,all,0.88,0.8736743933789369,0.8101604368511539,119
WGR,2019,3,scaled,50,all,0.8961352657004831,0.8940193166369452,0.8781374584402575,119
WGR,2022,3,scaled,50,all,0.9057971014492754,0.9002024191536152,0.8664713334083313,119
ICR,1995,4,scaled,50,all,0.9007936507936508,0.8979279213973282,0.8995852005183078,119
ICR,1998,4,scaled,50,all,0.9210526315789472,0.9199984043390976,0.922555197511102,119
ICR,2001,4,scaled,50,all,0.8605577689243028,0.8584777786265729,0.859479374891116,119
ICR,2004,4,scaled,50,all,0.8915187376725838,0.8899932521096243,0.8874085015770015,119
ICR,2007,4,scaled,50,all,0.8934426229508197,0.8929141845449551,0.8839642670802422,119
ICR,2010,4,scaled,50,all,0.8893360160965795,0.8892954000194373,0.893996590412676,119
ICR,2013,4,scaled,50,all,0.9193548387096774,0.9187323920380458,0.9110630361495656,119
ICR,2016,4,scaled,50,all,0.9243353783231084,0.9214430317289378,0.915777833973461,119
ICR,2019,4,scaled,50,all,0.9274193548387096,0.9263771918182478,0.922807129450302,119
ICR,2022,4,scaled,50,all,0.8980891719745223,0.8955918809985828,0.8829981751726512,119
HIM,1995,4,scaled,50,top_N,0.8926829268292683,0.8899219681762243,0.8757542827426024,25
HIM,1998,4,scaled,50,top_N,0.9266467065868264,0.9257172844918674,0.9167739540843348,25
HIM,2001,4,scaled,50,top_N,0.9065420560747663,0.9067347498318908,0.9070453232242701,25
HIM,2004,4,scaled,50,top_N,0.9385826771653544,0.9383940481299581,0.9282501794663072,25
HIM,2007,4,scaled,50,top_N,0.926040061633282,0.9248228513654176,0.9135347127595879,25
HIM,2010,4,scaled,50,top_N,0.9155145929339478,0.9146773868633824,0.9102573904111411,25
HIM,2013,4,scaled,50,top_N,0.9085271317829458,0.9080753053576185,0.9170263772834585,25
HIM,2016,4,scaled,50,top_N,0.9066091954022989,0.9063733190988441,0.9062987976846517,25
HIM,2019,4,scaled,50,top_N,0.8952234206471494,0.8931469698962464,0.8855808831361571,25
HIM,2022,4,scaled,50,top_N,0.9020866773675762,0.8994112513517741,0.88020908126542,25
HIM,1995,4,scaled,50,top_N,0.8991869918699187,0.8959098166305394,0.8802924395181441,30
HIM,1998,4,scaled,50,top_N,0.9236526946107785,0.9227020051606513,0.9151944275138947,30
HIM,2001,4,scaled,50,top_N,0.9127725856697819,0.9129250394168439,0.9120395831385424,30
HIM,2004,4,scaled,50,top_N,0.9354330708661417,0.9341543800501558,0.9006784787144309,30
HIM,2007,4,scaled,50,top_N,0.9322033898305084,0.9315956520807058,0.9288474267379778,30
HIM,2010,4,scaled,50,top_N,0.9247311827956989,0.9241176837501764,0.9101633444460937,30
HIM,2013,4,scaled,50,top_N,0.9007751937984496,0.9000593658949523,0.9131695426356763,30
HIM,2016,4,scaled,50,top_N,0.9094827586206896,0.909171682646234,0.9105793838259834,30
HIM,2019,4,scaled,50,top_N,0.8906009244992296,0.8883400042528901,0.8792398201393932,30
HIM,2022,4,scaled,50,top_N,0.9020866773675762,0.89873294699549,0.8743224702400766,30
HIM,1995,4,scaled,50,top_N,0.8861788617886179,0.8833795456686131,0.8727746141672049,35
HIM,1998,4,scaled,50,top_N,0.9236526946107785,0.9230112155992052,0.917971984421218,35
HIM,2001,4,scaled,50,top_N,0.9205607476635514,0.9205188693410351,0.9168466830213128,35
HIM,2004,4,scaled,50,top_N,0.937007874015748,0.9359504853542361,0.9101761798079855,35
HIM,2007,4,scaled,50,top_N,0.9275808936825886,0.9256390110694014,0.9104425789352955,35
HIM,2010,4,scaled,50,top_N,0.9308755760368663,0.9304261316976263,0.9210471134514471,35
HIM,2013,4,scaled,50,top_N,0.9054263565891473,0.9046305877537252,0.9160408649492014,35
HIM,2016,4,scaled,50,top_N,0.8994252873563219,0.8986591094357037,0.8978091205875214,35
HIM,2019,4,scaled,50,top_N,0.8875192604006163,0.8847064678944377,0.8728378230970085,35
HIM,2022,4,scaled,50,top_N,0.898876404494382,0.8951655247618533,0.8685677865248537,35
HIM,1995,4,scaled,50,top_N,0.8943089430894309,0.8922459425602758,0.8835084029254371,40
HIM,1998,4,scaled,50,top_N,0.9281437125748503,0.9275058610253668,0.9219293103108205,40
HIM,2001,4,scaled,50,top_N,0.9143302180685359,0.9145566694951108,0.9133221574593322,40
HIM,2004,4,scaled,50,top_N,0.9496062992125984,0.9486245155033799,0.9228606268104669,40
HIM,2007,4,scaled,50,top_N,0.9399075500770416,0.9386511024238998,0.9282395372606546,40
HIM,2010,4,scaled,50,top_N,0.9278033794162827,0.9267486422810421,0.9137299722363257,40
HIM,2013,4,scaled,50,top_N,0.9162790697674419,0.9161044530883946,0.924345682201804,40
HIM,2016,4,scaled,50,top_N,0.9109195402298851,0.9106919443858831,0.9082614957489609,40
HIM,2019,4,scaled,50,top_N,0.8983050847457628,0.8968922924440433,0.8902619198263986,40
HIM,2022,4,scaled,50,top_N,0.9085072231139647,0.9069667360721119,0.8970597408791077,40
IGP,1995,5,scaled,50,top_N,0.9143610013175231,0.9103182373173728,0.8642317285878521,25
IGP,1998,5,scaled,50,top_N,0.922077922077922,0.9185753831761261,0.8984280458773816,25
IGP,2001,5,scaled,50,top_N,0.9180555555555555,0.9072866733365487,0.8748815204932819,25
IGP,2004,5,scaled,50,top_N,0.9200542005420054,0.9156845730767742,0.8599668176984064,25
IGP,2007,5,scaled,50,top_N,0.9428934010152284,0.9404970721507567,0.9105818723898083,25
IGP,2010,5,scaled,50,top_N,0.9408450704225352,0.9394731638389168,0.9232015913019671,25
IGP,2013,5,scaled,50,top_N,0.9498018494055482,0.9475619198024949,0.9179752745049163,25
IGP,2016,5,scaled,50,top_N,0.9461538461538461,0.9449977806917425,0.9217770913857766,25
IGP,2019,5,scaled,50,top_N,0.9453621346886912,0.9447483610686942,0.932670608510971,25
IGP,2022,5,scaled,50,top_N,0.9557291666666666,0.955370381223843,0.9359439454205822,25
IGP,1995,5,scaled,50,top_N,0.9130434782608695,0.9096568463212266,0.8635639316865718,30
IGP,1998,5,scaled,50,top_N,0.9324675324675324,0.9303041720777876,0.9149241588577544,30
IGP,2001,5,scaled,50,top_N,0.9152777777777777,0.9056053605202613,0.8707711537360838,30
IGP,2004,5,scaled,50,top_N,0.9322493224932249,0.9286546961301078,0.880693550816465,30
IGP,2007,5,scaled,50,top_N,0.9467005076142132,0.944946851321114,0.9184582627722908,30
IGP,2010,5,scaled,50,top_N,0.9478873239436619,0.9469458833263784,0.935488094374076,30
IGP,2013,5,scaled,50,top_N,0.9484808454425363,0.9469170874553577,0.9138088966838316,30
IGP,2016,5,scaled,50,top_N,0.9435897435897436,0.9427413381204757,0.9188583663143262,30
IGP,2019,5,scaled,50,top_N,0.9479034307496823,0.9469208131595336,0.9310036304303566,30
IGP,2022,5,scaled,50,top_N,0.9557291666666666,0.9553830037844243,0.9367085031826858,30
IGP,1995,5,scaled,50,top_N,0.9183135704874835,0.9144226516089898,0.8669689032831578,35
IGP,1998,5,scaled,50,top_N,0.9246753246753247,0.9212867076791936,0.8948213667564847,35
IGP,2001,5,scaled,50,top_N,0.9125,0.9020610281564316,0.8664011544375123,35
IGP,2004,5,scaled,50,top_N,0.9349593495934959,0.9311506872068238,0.8825633933993989,35
IGP,2007,5,scaled,50,top_N,0.9479695431472082,0.946331897279746,0.9215750006402625,35
IGP,2010,5,scaled,50,top_N,0.9478873239436619,0.9468331502800204,0.9342940617927389,35
IGP,2013,5,scaled,50,top_N,0.9471598414795245,0.945849776352327,0.9181909571142961,35
IGP,2016,5,scaled,50,top_N,0.9448717948717948,0.9439570516861782,0.9213233397361407,35
IGP,2019,5,scaled,50,top_N,0.9428208386277002,0.9418760554250113,0.9260213983800997,35
IGP,2022,5,scaled,50,top_N,0.95703125,0.956560914687639,0.9345476359876406,35
IGP,1995,5,scaled,50,top_N,0.9183135704874835,0.9154309311847992,0.8741115871206849,40
IGP,1998,5,scaled,50,top_N,0.9272727272727272,0.9243512524459118,0.8994037663577967,40
IGP,2001,5,scaled,50,top_N,0.9208333333333333,0.9110488701458461,0.8759527298836568,40
IGP,2004,5,scaled,50,top_N,0.926829268292683,0.9228847731964939,0.8703559350331752,40
IGP,2007,5,scaled,50,top_N,0.9530456852791879,0.951646059547249,0.9255635585557742,40
IGP,2010,5,scaled,50,top_N,0.9577464788732394,0.9570499344115689,0.9470682758449545,40
IGP,2013,5,scaled,50,top_N,0.9471598414795245,0.9456933347511799,0.9141070828691888,40
IGP,2016,5,scaled,50,top_N,0.95,0.9490276925012262,0.9283015300853239,40
IGP,2019,5,scaled,50,top_N,0.9504447268106735,0.949567869382885,0.9326681813471183,40
IGP,2022,5,scaled,50,top_N,0.9596354166666666,0.9594253529725103,0.9401742743594341,40
DES,1995,7,scaled,50,top_N,0.8993288590604027,0.9000279886589665,0.9176023616885587,25
DES,1998,7,scaled,50,top_N,0.9372026641294006,0.9372684029770783,0.9456923051827855,25
DES,2001,7,scaled,50,top_N,0.9145454545454546,0.9136759268250094,0.9077346080651263,25
DES,2004,7,scaled,50,top_N,0.9296435272045028,0.9295431665603965,0.9311685850076771,25
DES,2007,7,scaled,50,top_N,0.9107142857142857,0.9108750979906263,0.9052260312498328,25
DES,2010,7,scaled,50,top_N,0.9240986717267552,0.9237313941940981,0.9169310912639385,25
DES,2013,7,scaled,50,top_N,0.9186155285313377,0.917892013503829,0.9215286717199381,25
DES,2016,7,scaled,50,top_N,0.9332079021636877,0.9330265723579472,0.9394693005022114,25
DES,2019,7,scaled,50,top_N,0.938508064516129,0.9381804394557272,0.9468777676056568,25
DES,2022,7,scaled,50,top_N,0.932780847145488,0.9327050489808799,0.9259361448992727,25
DES,1995,7,scaled,50,top_N,0.9041227229146692,0.9046174444951504,0.9169140681355366,30
DES,1998,7,scaled,50,top_N,0.9400570884871551,0.9400209991295185,0.9489590912107115,30
DES,2001,7,scaled,50,top_N,0.9127272727272727,0.9120568911884491,0.9106265641739141,30
DES,2004,7,scaled,50,top_N,0.948405253283302,0.9484143052185954,0.9553497424045219,30
DES,2007,7,scaled,50,top_N,0.9154135338345865,0.9154493299157492,0.9136013504589819,30
DES,2010,7,scaled,50,top_N,0.9421252371916509,0.9424372668963664,0.9375400644130201,30
DES,2013,7,scaled,50,top_N,0.9204864359214219,0.9196392536057215,0.9194948500693729,30
DES,2016,7,scaled,50,top_N,0.9322671683913453,0.931940564230321,0.9289238713616124,30
DES,2019,7,scaled,50,top_N,0.9264112903225806,0.9259305492567529,0.9382720093084882,30
DES,2022,7,scaled,50,top_N,0.9401473296500921,0.9402030851542336,0.9383299764881279,30
DES,1995,7,scaled,50,top_N,0.912751677852349,0.9134981849354753,0.9227403059445778,35
DES,1998,7,scaled,50,top_N,0.9381541389153187,0.9380616382602228,0.9473857053378428,35
DES,2001,7,scaled,50,top_N,0.9209090909090909,0.9201594569100896,0.91139632979432,35
DES,2004,7,scaled,50,top_N,0.9371482176360225,0.937168046752859,0.943253089666644,35
DES,2007,7,scaled,50,top_N,0.9125939849624061,0.912607928370033,0.9091982624557542,35
DES,2010,7,scaled,50,top_N,0.9421252371916509,0.9422906753632517,0.9418854914485333,35
DES,2013,7,scaled,50,top_N,0.9242282507015903,0.9235499544800937,0.9289440649243161,35
DES,2016,7,scaled,50,top_N,0.9444967074317968,0.9442897698233635,0.9531584379082512,35
DES,2019,7,scaled,50,top_N,0.9375,0.9370238109952287,0.9490736418996464,35
DES,2022,7,scaled,50,top_N,0.9373848987108656,0.9372990612957564,0.9295663865793455,35
DES,1995,7,scaled,50,top_N,0.9069990412272292,0.907417803224297,0.9173940736267443,40
DES,1998,7,scaled,50,top_N,0.9438629876308278,0.9437343843122716,0.9514054287618213,40
DES,2001,7,scaled,50,top_N,0.9245454545454546,0.9237173768447628,0.9182635543647453,40
DES,2004,7,scaled,50,top_N,0.9418386491557224,0.9419287374674521,0.951290505490352,40
DES,2007,7,scaled,50,top_N,0.9276315789473685,0.9274618910443374,0.9259799430767317,40
DES,2010,7,scaled,50,top_N,0.9392789373814042,0.9394793281251088,0.9356009184764411,40
DES,2013,7,scaled,50,top_N,0.9242282507015903,0.9235161503280673,0.9230163474112669,40
DES,2016,7,scaled,50,top_N,0.9426152398871119,0.9424429959280193,0.9510969944160148,40
DES,2019,7,scaled,50,top_N,0.936491935483871,0.9360648175769212,0.9496596633423512,40
DES,2022,7,scaled,50,top_N,0.9456721915285451,0.9454651721376655,0.9447357115899082,40
PEN,1995,5,scaled,50,top_N,0.8408945686900958,0.8298542707268041,0.7583207923129588,25
PEN,1998,5,scaled,50,top_N,0.8514789175582127,0.8381963008404264,0.754125858644811,25
PEN,2001,5,scaled,50,top_N,0.8583333333333333,0.8437446553697481,0.7528103548014567,25
PEN,2004,5,scaled,50,top_N,0.8467105263157895,0.8329467740736238,0.7507221727897584,25
PEN,2007,5,scaled,50,top_N,0.8525557011795544,0.8370353931463898,0.7571815600182583,25
PEN,2010,5,scaled,50,top_N,0.8383116883116883,0.8292851525039644,0.783023133341246,25
PEN,2013,5,scaled,50,top_N,0.8511326860841424,0.8414690236758331,0.7896300095583795,25
PEN,2016,5,scaled,50,top_N,0.8808322824716267,0.8737014435222251,0.8159656374447736,25
PEN,2019,5,scaled,50,top_N,0.8849280800500313,0.8815554349346867,0.852255876849501,25
PEN,2022,5,scaled,50,top_N,0.8783868935097668,0.8748573604412871,0.8549187012853809,25
PEN,1995,5,scaled,50,top_N,0.8485623003194889,0.8375657046556233,0.7663941537383709,30
PEN,1998,5,scaled,50,top_N,0.8495909376966646,0.8354924389521552,0.7472758299569469,30
PEN,2001,5,scaled,50,top_N,0.8641025641025641,0.8504009243254327,0.7598670999900363,30
PEN,2004,5,scaled,50,top_N,0.8506578947368421,0.8378938849678581,0.7551203509574187,30
PEN,2007,5,scaled,50,top_N,0.854521625163827,0.8368436972824895,0.7482537884444885,30
PEN,2010,5,scaled,50,top_N,0.8396103896103896,0.8296123292109745,0.7785305720074693,30
PEN,2013,5,scaled,50,top_N,0.855663430420712,0.8468957231276426,0.7954086437003377,30
PEN,2016,5,scaled,50,top_N,0.8795712484237075,0.8731768847624028,0.8209785355701615,30
PEN,2019,5,scaled,50,top_N,0.8886804252657912,0.8847962035315134,0.8419045075177789,30
PEN,2022,5,scaled,50,top_N,0.8746061751732829,0.8713635372754375,0.8420384105043754,30
PEN,1995,5,scaled,50,top_N,0.8383386581469648,0.8268524157879177,0.7516292021161876,35
PEN,1998,5,scaled,50,top_N,0.8539962240402769,0.8389993176582777,0.7491120919869695,35
PEN,2001,5,scaled,50,top_N,0.8641025641025641,0.85086714732989,0.7620796817195612,35
PEN,2004,5,scaled,50,top_N,0.8631578947368421,0.8495880609863482,0.7676232834687995,35
PEN,2007,5,scaled,50,top_N,0.8571428571428571,0.8412065772108345,0.7558120473753951,35
PEN,2010,5,scaled,50,top_N,0.8467532467532467,0.8371433051416016,0.7895768183628068,35
PEN,2013,5,scaled,50,top_N,0.86084142394822,0.8524137395088883,0.8019113397461068,35
PEN,2016,5,scaled,50,top_N,0.8814627994955864,0.8739955764172432,0.8137187698695884,35
PEN,2019,5,scaled,50,top_N,0.8861788617886179,0.8829932102993518,0.842288062554019,35
PEN,2022,5,scaled,50,top_N,0.8815374921235035,0.8781546832746279,0.8543724131312418,35
PEN,1995,5,scaled,50,top_N,0.8492012779552716,0.8383609011243885,0.766451454939104,40
PEN,1998,5,scaled,50,top_N,0.8590308370044053,0.8452536933353145,0.7559417235615282,40
PEN,2001,5,scaled,50,top_N,0.8692307692307693,0.8564595170865424,0.7722924120758257,40
PEN,2004,5,scaled,50,top_N,0.8625,0.8496258684930826,0.7710827370749409,40
PEN,2007,5,scaled,50,top_N,0.8663171690694627,0.8527952317647408,0.7761349857595663,40
PEN,2010,5,scaled,50,top_N,0.8538961038961039,0.8470476052141589,0.8009841264330044,40
PEN,2013,5,scaled,50,top_N,0.8666666666666667,0.8581566906883634,0.8067320156877715,40
PEN,2016,5,scaled,50,top_N,0.8890290037831021,0.8816455962516165,0.8182528564035809,40
PEN,2019,5,scaled,50,top_N,0.8974358974358975,0.89449811618805,0.8454014654279595,40
PEN,2022,5,scaled,50,top_N,0.8809073724007561,0.8784365601066813,0.8485384910152964,40
NEI,1995,5,scaled,50,top_N,0.8803571428571428,0.876613645394383,0.8225010253028683,25
NEI,1998,5,scaled,50,top_N,0.8715953307392996,0.866471050119939,0.8088868715790082,25
NEI,2001,5,scaled,50,top_N,0.8460144927536232,0.8416829859991403,0.7656228417493847,25
NEI,2004,5,scaled,50,top_N,0.8933333333333333,0.8890450466576092,0.8323383013192639,25
NEI,2007,5,scaled,50,top_N,0.8975409836065574,0.8977509278815644,0.8593482932420575,25
NEI,2010,5,scaled,50,top_N,0.8969258589511754,0.8933144296485317,0.8546047345626078,25
NEI,2013,5,scaled,50,top_N,0.8694029850746269,0.8663450814825289,0.8320059243842903,25
NEI,2016,5,scaled,50,top_N,0.9090909090909091,0.9075420849719,0.8673944255019683,25
NEI,2019,5,scaled,50,top_N,0.9071428571428571,0.9060044950179051,0.8859070975465507,25
NEI,2022,5,scaled,50,top_N,0.8725868725868726,0.8703039178455412,0.8282558503095543,25
NEI,1995,5,scaled,50,top_N,0.8714285714285714,0.8682817764847162,0.8169981865962682,30
NEI,1998,5,scaled,50,top_N,0.867704280155642,0.863079676557244,0.8092459675347896,30
NEI,2001,5,scaled,50,top_N,0.8641304347826086,0.8624685516769423,0.7910769622565478,30
NEI,2004,5,scaled,50,top_N,0.8933333333333333,0.8903024267823988,0.8405912072051124,30
NEI,2007,5,scaled,50,top_N,0.8913934426229508,0.8913441676773993,0.8556351950332224,30
NEI,2010,5,scaled,50,top_N,0.8878842676311031,0.8836188808001095,0.8422311363733503,30
NEI,2013,5,scaled,50,top_N,0.8731343283582089,0.8692591236942927,0.8339756956305114,30
NEI,2016,5,scaled,50,top_N,0.9108391608391608,0.9091012475813238,0.8718536735056666,30
NEI,2019,5,scaled,50,top_N,0.8892857142857142,0.8886601574928429,0.8665982502388836,30
NEI,2022,5,scaled,50,top_N,0.8706563706563707,0.867389210642909,0.8191237464643278,30
NEI,1995,5,scaled,50,top_N,0.8696428571428572,0.8660070023238498,0.8088314666520079,35
NEI,1998,5,scaled,50,top_N,0.8599221789883269,0.8549119630774533,0.7945393107052554,35
NEI,2001,5,scaled,50,top_N,0.8677536231884058,0.8652132519297491,0.7935708979914493,35
NEI,2004,5,scaled,50,top_N,0.8952380952380953,0.8902891182450292,0.8374406173399236,35
NEI,2007,5,scaled,50,top_N,0.8934426229508197,0.893553929996018,0.8612238947824068,35
NEI,2010,5,scaled,50,top_N,0.8987341772151899,0.8939963057190478,0.8564201310624449,35
NEI,2013,5,scaled,50,top_N,0.8768656716417911,0.875092908274127,0.8428068822638808,35
NEI,2016,5,scaled,50,top_N,0.9003496503496503,0.8985618525345707,0.8559753993950403,35
NEI,2019,5,scaled,50,top_N,0.9017857142857143,0.9001375274679608,0.8788404246932164,35
NEI,2022,5,scaled,50,top_N,0.8667953667953668,0.8638960990217959,0.8208192143764894,35
NEI,1995,5,scaled,50,top_N,0.8767857142857143,0.8725224418919797,0.8158353939511296,40
NEI,1998,5,scaled,50,top_N,0.8618677042801557,0.8554665881944215,0.796224167922459,40
NEI,2001,5,scaled,50,top_N,0.8804347826086957,0.8783474048725443,0.8165318992622981,40
NEI,2004,5,scaled,50,top_N,0.9219047619047619,0.9197323255118139,0.8686475632220668,40
NEI,2007,5,scaled,50,top_N,0.889344262295082,0.8894469890812071,0.8483591147184337,40
NEI,2010,5,scaled,50,top_N,0.8896925858951176,0.8847629973886193,0.8439210640746606,40
NEI,2013,5,scaled,50,top_N,0.8582089552238806,0.8549738927666014,0.8251605721873254,40
NEI,2016,5,scaled,50,top_N,0.9108391608391608,0.909314313077904,0.8803216088908906,40
NEI,2019,5,scaled,50,top_N,0.8982142857142857,0.8968629518877045,0.8681534922453111,40
NEI,2022,5,scaled,50,top_N,0.8783783783783784,0.8762734556696582,0.8374110272387069,40
WGR,1995,3,scaled,50,top_N,0.8533653846153846,0.8420254256851414,0.7586719036913265,25
WGR,1998,3,scaled,50,top_N,0.8418604651162791,0.8372778055180612,0.7929921677441296,25
WGR,2001,3,scaled,50,top_N,0.8536585365853658,0.8439019297094872,0.7862983343933125,25
WGR,2004,3,scaled,50,top_N,0.8413793103448276,0.8332819154113317,0.7570154050574931,25
WGR,2007,3,scaled,50,top_N,0.851581508515815,0.8458273165193643,0.8077028549645175,25
WGR,2010,3,scaled,50,top_N,0.8381642512077294,0.8297108861741405,0.7964207116453192,25
WGR,2013,3,scaled,50,top_N,0.8255528255528255,0.8201007611025322,0.7615108363384876,25
WGR,2016,3,scaled,50,top_N,0.8870588235294118,0.8780352716994947,0.8028819990869325,25
WGR,2019,3,scaled,50,top_N,0.8985507246376812,0.8971064181488443,0.8690869754697617,25
WGR,2022,3,scaled,50,top_N,0.8961352657004831,0.8926481454188031,0.8679998347780884,25
WGR,1995,3,scaled,50,top_N,0.8677884615384616,0.8583949975635636,0.7841807946853533,30
WGR,1998,3,scaled,50,top_N,0.8348837209302326,0.828987376477627,0.7822401882449725,30
WGR,2001,3,scaled,50,top_N,0.8560975609756097,0.8404807198820236,0.7593940983402221,30
WGR,2004,3,scaled,50,top_N,0.8528735632183908,0.8417617671541051,0.7452815860909139,30
WGR,2007,3,scaled,50,top_N,0.8540145985401459,0.8485597257221252,0.8373173922436119,30
WGR,2010,3,scaled,50,top_N,0.8357487922705314,0.8282183165499987,0.7997730513419922,30
WGR,2013,3,scaled,50,top_N,0.8353808353808354,0.8286984368649847,0.7685446366342137,30
WGR,2016,3,scaled,50,top_N,0.8870588235294118,0.8791519153224333,0.8126748604868388,30
WGR,2019,3,scaled,50,top_N,0.9033816425120773,0.9022011021520884,0.8755043943646318,30
WGR,2022,3,scaled,50,top_N,0.9009661835748792,0.8970569932983357,0.8681619081944592,30
WGR,1995,3,scaled,50,top_N,0.8629807692307693,0.8548707663695626,0.7936640241200451,35
WGR,1998,3,scaled,50,top_N,0.8604651162790697,0.8559225494822631,0.8138135226611657,35
WGR,2001,3,scaled,50,top_N,0.8585365853658536,0.845134097123795,0.77207802241827,35
WGR,2004,3,scaled,50,top_N,0.8597701149425288,0.8510879401293568,0.779415334499243,35
WGR,2007,3,scaled,50,top_N,0.8564476885644768,0.8538295485181251,0.831715038641623,35
WGR,2010,3,scaled,50,top_N,0.8405797101449275,0.8320795131752184,0.799075765072847,35
WGR,2013,3,scaled,50,top_N,0.8574938574938575,0.8540418432846898,0.8115309091255547,35
WGR,2016,3,scaled,50,top_N,0.8823529411764706,0.8771221423281994,0.8226077781860803,35
WGR,2019,3,scaled,50,top_N,0.8985507246376812,0.8969675436685393,0.8718071107114646,35
WGR,2022,3,scaled,50,top_N,0.8961352657004831,0.8912216453918749,0.8630193459634167,35
WGR,1995,3,scaled,50,top_N,0.8701923076923077,0.8610117916166694,0.7880825293386948,40
WGR,1998,3,scaled,50,top_N,0.8558139534883721,0.8512311098625669,0.7984070899403233,40
WGR,2001,3,scaled,50,top_N,0.875609756097561,0.8592532674776528,0.7756194176978541,40
WGR,2004,3,scaled,50,top_N,0.8528735632183908,0.8440489831411229,0.7726797476845157,40
WGR,2007,3,scaled,50,top_N,0.8613138686131386,0.8583773578331628,0.8439595211843409,40
WGR,2010,3,scaled,50,top_N,0.8429951690821256,0.8363077424694962,0.8143483418568416,40
WGR,2013,3,scaled,50,top_N,0.8501228501228502,0.8470527906975033,0.8046494644766682,40
WGR,2016,3,scaled,50,top_N,0.88,0.869886716589541,0.7865491699544112,40
WGR,2019,3,scaled,50,top_N,0.9130434782608695,0.9108776309223753,0.8854573795763232,40
WGR,2022,3,scaled,50,top_N,0.9082125603864735,0.9043766693460169,0.8778472443083374,40
ICR,1995,4,scaled,50,top_N,0.8670634920634921,0.864536506005098,0.8750848514047181,25
ICR,1998,4,scaled,50,top_N,0.9291497975708503,0.9283306796349937,0.9307756077434473,25
ICR,2001,4,scaled,50,top_N,0.8446215139442231,0.841525724047037,0.8402513744130937,25
ICR,2004,4,scaled,50,top_N,0.8757396449704142,0.8732406702147973,0.863835611999102,25
ICR,2007,4,scaled,50,top_N,0.9098360655737705,0.9099259913847298,0.9047656518817482,25
ICR,2010,4,scaled,50,top_N,0.8712273641851107,0.8707333533922292,0.8729817582211605,25
ICR,2013,4,scaled,50,top_N,0.9032258064516129,0.9025098734510082,0.8940086631516952,25
ICR,2016,4,scaled,50,top_N,0.9304703476482618,0.9292767827211975,0.9259826094995177,25
ICR,2019,4,scaled,50,top_N,0.9012096774193549,0.8999924264770952,0.8946512296135377,25
ICR,2022,4,scaled,50,top_N,0.9023354564755839,0.9003766144168076,0.8918248708478593,25
ICR,1995,4,scaled,50,top_N,0.878968253968254,0.8759059612535839,0.8837863388796117,30
ICR,1998,4,scaled,50,top_N,0.9109311740890689,0.9092398608339072,0.9107257026989602,30
ICR,2001,4,scaled,50,top_N,0.8545816733067729,0.8522431896944342,0.8519972814179462,30
ICR,2004,4,scaled,50,top_N,0.8757396449704142,0.8741437600231728,0.866283298453349,30
ICR,2007,4,scaled,50,top_N,0.9077868852459017,0.9081053322935704,0.9000596207691317,30
ICR,2010,4,scaled,50,top_N,0.869215291750503,0.8691684601288446,0.8721756136112416,30
ICR,2013,4,scaled,50,top_N,0.9112903225806451,0.9107215670816352,0.9040586751865981,30
ICR,2016,4,scaled,50,top_N,0.918200408997955,0.9164051340370107,0.913034008374551,30
ICR,2019,4,scaled,50,top_N,0.8911290322580645,0.8892861356300007,0.8793371871055036,30
ICR,2022,4,scaled,50,top_N,0.9065817409766455,0.9043455268946333,0.8896066848402958,30
ICR,1995,4,scaled,50,top_N,0.8908730158730159,0.8880439161438908,0.891888251017559,35
ICR,1998,4,scaled,50,top_N,0.9291497975708503,0.9285305646457992,0.9310901647773906,35
ICR,2001,4,scaled,50,top_N,0.8466135458167331,0.8440192118535377,0.8437300402681481,35
ICR,2004,4,scaled,50,top_N,0.8796844181459567,0.8774267129284896,0.8709963301989314,35
ICR,2007,4,scaled,50,top_N,0.9098360655737705,0.9103887764765596,0.9038491688705145,35
ICR,2010,4,scaled,50,top_N,0.869215291750503,0.86945966894079,0.8706589496029815,35
ICR,2013,4,scaled,50,top_N,0.8971774193548387,0.8960420432202514,0.8910794487122902,35
ICR,2016,4,scaled,50,top_N,0.9243353783231084,0.922495533916781,0.9188701857601325,35
ICR,2019,4,scaled,50,top_N,0.907258064516129,0.9060609458331547,0.8989992428433242,35
ICR,2022,4,scaled,50,top_N,0.910828025477707,0.9095376454302175,0.9019731044829595,35
ICR,1995,4,scaled,50,top_N,0.878968253968254,0.8755568214462548,0.8797344800643954,40
ICR,1998,4,scaled,50,top_N,0.9271255060728745,0.926234606494689,0.9318499533369751,40
ICR,2001,4,scaled,50,top_N,0.8346613545816733,0.8313595460409711,0.8293122638312125,40
ICR,2004,4,scaled,50,top_N,0.8757396449704142,0.8719496991702517,0.8597974425062318,40
ICR,2007,4,scaled,50,top_N,0.8954918032786885,0.8951154329666755,0.8887282949567915,40
ICR,2010,4,scaled,50,top_N,0.8772635814889336,0.8772297248730719,0.8775731960604215,40
ICR,2013,4,scaled,50,top_N,0.907258064516129,0.9065035039835982,0.8983323651546146,40
ICR,2016,4,scaled,50,top_N,0.9284253578732107,0.9269782463031984,0.9231461491903185,40
ICR,2019,4,scaled,50,top_N,0.907258064516129,0.9057101218190293,0.9004258971531137,40
ICR,2022,4,scaled,50,top_N,0.9087048832271762,0.9070455027902522,0.9004894729707785,40
